Frame,Player_1_X,Player_2_X,Player_3_X,Player_4_X,Player_5_X,Player_6_X,Player_7_X,Player_8_X,Player_9_X,Player_10_X,Player_11_X,Player_12_X,Player_13_X,Player_14_X,Player_15_X,Player_16_X,Player_17_X,Player_18_X,Player_19_X,Player_20_X,Player_21_X,Player_22_X,Player_23_X,Player_24_X,Player_25_X,Player_26_X,Player_27_X,Player_28_X,Player_29_X,Player_30_X,Player_31_X,Player_32_X,Player_33_X,Player_34_X,Player_35_X,Player_36_X,Player_37_X,Player_38_X,Player_39_X,Player_40_X,Player_1_Y,Player_2_Y,Player_3_Y,Player_4_Y,Player_5_Y,Player_6_Y,Player_7_Y,Player_8_Y,Player_9_Y,Player_10_Y,Player_11_Y,Player_12_Y,Player_13_Y,Player_14_Y,Player_15_Y,Player_16_Y,Player_17_Y,Player_18_Y,Player_19_Y,Player_20_Y,Player_21_Y,Player_22_Y,Player_23_Y,Player_24_Y,Player_25_Y,Player_26_Y,Player_27_Y,Player_28_Y,Player_29_Y,Player_30_Y,Player_31_Y,Player_32_Y,Player_33_Y,Player_34_Y,Player_35_Y,Player_36_Y,Player_37_Y,Player_38_Y,Player_39_Y,Player_40_Y
0,0,0,0,0,0,0,0,0,0,0,0,0,0,0,0,0,0,0,0,0,0,0,0,0,0,0,0,0,0,0,0,0,0,0,0,0,0,0,0,0,0,0,0,0,0,0,0,0,0,0,0,0,0,0,0,0,0,0,0,0,0,0,0,0,0,0,0,0,0,0,0,0,0,0,0,0,0,0,0,0
1,0,0,0,0,0,0,0,0,0,0,0,0,0,0,0,0,0,0,0,0,0,0,0,0,0,0,0,0,0,0,0,0,0,0,0,0,0,0,0,0,0,0,0,0,0,0,0,0,0,0,0,0,0,0,0,0,0,0,0,0,0,0,0,0,0,0,0,0,0,0,0,0,0,0,0,0,0,0,0,0
2,0,0,0,0,0,0,0,0,0,0,0,0,0,0,0,0,0,0,0,0,0,0,0,0,0,0,0,0,0,0,0,0,0,0,0,0,0,0,0,0,0,0,0,0,0,0,0,0,0,0,0,0,0,0,0,0,0,0,0,0,0,0,0,0,0,0,0,0,0,0,0,0,0,0,0,0,0,0,0,0
3,0,0,0,0,0,0,0,0,0,0,0,0,0,0,0,0,0,0,0,0,0,0,0,0,0,0,0,0,0,0,0,0,0,0,0,0,0,0,0,0,0,0,0,0,0,0,0,0,0,0,0,0,0,0,0,0,0,0,0,0,0,0,0,0,0,0,0,0,0,0,0,0,0,0,0,0,0,0,0,0
4,322,1730,1144,1146,908,950,896,1314,379,350,302,745,781,475,1028,855,460,1489,575,913,941,0,0,0,0,0,0,0,0,0,0,0,0,0,0,0,0,0,0,0,557,353,512,376,606,297,170,850,401,832,472,374,426,94,168,264,233,247,116,182,224,0,0,0,0,0,0,0,0,0,0,0,0,0,0,0,0,0,0,0
5,0,0,0,0,0,0,0,0,0,0,0,0,0,0,0,0,0,0,0,0,0,0,0,0,0,0,0,0,0,0,0,0,0,0,0,0,0,0,0,0,0,0,0,0,0,0,0,0,0,0,0,0,0,0,0,0,0,0,0,0,0,0,0,0,0,0,0,0,0,0,0,0,0,0,0,0,0,0,0,0
6,0,0,0,0,0,0,0,0,0,0,0,0,0,0,0,0,0,0,0,0,0,0,0,0,0,0,0,0,0,0,0,0,0,0,0,0,0,0,0,0,0,0,0,0,0,0,0,0,0,0,0,0,0,0,0,0,0,0,0,0,0,0,0,0,0,0,0,0,0,0,0,0,0,0,0,0,0,0,0,0
7,323,1725,1140,1144,896,953,911,1320,372,328,296,739,770,480,1021,847,448,1495,572,939,880,0,0,0,0,0,0,0,0,0,0,0,0,0,0,0,0,0,0,0,550,353,510,375,608,297,180,851,396,830,468,372,425,94,170,268,234,247,115,220,169,0,0,0,0,0,0,0,0,0,0,0,0,0,0,0,0,0,0,0
8,322,1726,1137,938,890,1145,1682,1323,368,322,296,739,768,954,1017,840,446,1496,571,876,910,0,0,0,0,0,0,0,0,0,0,0,0,0,0,0,0,0,0,0,547,353,510,221,608,375,492,850,397,828,466,371,424,297,171,269,233,247,116,169,180,0,0,0,0,0,0,0,0,0,0,0,0,0,0,0,0,0,0,0
9,321,1726,1135,938,882,1144,1682,1325,364,322,298,737,767,954,1016,834,442,1496,573,874,909,0,0,0,0,0,0,0,0,0,0,0,0,0,0,0,0,0,0,0,547,353,511,224,607,376,492,850,396,827,464,369,422,297,171,269,233,249,118,168,180,0,0,0,0,0,0,0,0,0,0,0,0,0,0,0,0,0,0,0
10,311,1724,1134,937,876,1144,1683,1326,364,319,300,734,767,954,1016,833,441,1496,571,873,907,0,0,0,0,0,0,0,0,0,0,0,0,0,0,0,0,0,0,0,546,354,512,224,608,377,492,849,395,824,462,370,421,297,170,268,232,249,118,168,180,0,0,0,0,0,0,0,0,0,0,0,0,0,0,0,0,0,0,0
11,312,1723,1133,934,876,956,1685,1326,364,318,302,735,765,1145,1015,833,441,1495,568,866,904,0,0,0,0,0,0,0,0,0,0,0,0,0,0,0,0,0,0,0,546,353,512,224,607,297,493,848,394,818,458,371,421,379,168,268,230,250,118,168,180,0,0,0,0,0,0,0,0,0,0,0,0,0,0,0,0,0,0,0
12,312,1724,1129,931,876,958,1685,1328,363,316,303,731,763,1146,1013,830,442,1495,567,863,903,0,0,0,0,0,0,0,0,0,0,0,0,0,0,0,0,0,0,0,545,354,512,222,605,297,494,847,390,815,455,371,422,379,168,267,228,249,117,168,177,0,0,0,0,0,0,0,0,0,0,0,0,0,0,0,0,0,0,0
13,313,1725,1127,1146,872,484,903,1327,361,311,303,728,759,959,1010,826,441,1496,568,932,862,0,0,0,0,0,0,0,0,0,0,0,0,0,0,0,0,0,0,0,544,356,512,381,605,93,179,846,389,815,454,370,422,296,170,269,228,250,117,223,170,0,0,0,0,0,0,0,0,0,0,0,0,0,0,0,0,0,0,0
14,313,1725,1128,1144,869,961,904,1327,360,304,304,728,760,486,1007,822,439,1499,569,933,853,0,0,0,0,0,0,0,0,0,0,0,0,0,0,0,0,0,0,0,543,356,512,380,605,296,179,846,390,814,452,370,423,91,171,271,228,250,118,222,170,0,0,0,0,0,0,0,0,0,0,0,0,0,0,0,0,0,0,0
15,313,1723,1128,502,867,1143,905,1329,356,301,306,728,759,964,1004,816,440,1501,572,933,853,0,0,0,0,0,0,0,0,0,0,0,0,0,0,0,0,0,0,0,540,356,511,34,606,379,179,847,390,812,452,370,422,297,171,271,228,251,118,222,169,0,0,0,0,0,0,0,0,0,0,0,0,0,0,0,0,0,0,0
16,313,1723,1129,933,860,1146,1686,1330,352,301,309,728,758,968,1005,815,439,1503,573,853,905,0,0,0,0,0,0,0,0,0,0,0,0,0,0,0,0,0,0,0,537,356,510,222,606,379,493,847,390,809,450,368,417,298,170,272,229,251,119,167,180,0,0,0,0,0,0,0,0,0,0,0,0,0,0,0,0,0,0,0
17,313,1725,1127,934,856,1148,1689,1331,353,301,314,728,759,973,1006,815,438,1504,576,849,905,0,0,0,0,0,0,0,0,0,0,0,0,0,0,0,0,0,0,0,535,356,511,224,605,379,494,846,390,806,448,368,416,299,170,270,229,252,126,167,181,0,0,0,0,0,0,0,0,0,0,0,0,0,0,0,0,0,0,0
18,309,1724,1127,934,857,1149,1690,1333,356,301,317,726,760,975,1004,813,436,1506,577,846,903,0,0,0,0,0,0,0,0,0,0,0,0,0,0,0,0,0,0,0,535,357,512,225,605,380,494,846,390,800,445,369,417,299,171,270,229,254,128,169,181,0,0,0,0,0,0,0,0,0,0,0,0,0,0,0,0,0,0,0
19,309,1723,1127,978,856,1149,903,1336,358,299,320,730,760,579,1003,810,435,1506,494,932,844,0,0,0,0,0,0,0,0,0,0,0,0,0,0,0,0,0,0,0,535,358,512,299,603,382,181,846,391,798,443,370,418,128,172,272,229,256,96,226,171,0,0,0,0,0,0,0,0,0,0,0,0,0,0,0,0,0,0,0
20,309,1723,1124,932,853,1150,1691,1342,360,293,323,728,762,980,1002,806,438,1506,581,838,905,0,0,0,0,0,0,0,0,0,0,0,0,0,0,0,0,0,0,0,532,358,512,227,600,384,495,845,391,795,440,371,419,299,175,273,228,258,128,171,181,0,0,0,0,0,0,0,0,0,0,0,0,0,0,0,0,0,0,0
21,313,1723,1121,983,851,1152,997,1345,360,288,326,725,762,585,906,800,441,1505,501,933,839,0,0,0,0,0,0,0,0,0,0,0,0,0,0,0,0,0,0,0,530,359,513,300,599,384,175,845,391,793,439,371,419,128,181,275,228,258,99,227,172,0,0,0,0,0,0,0,0,0,0,0,0,0,0,0,0,0,0,0
22,317,1724,1122,935,849,1153,1689,1346,357,290,328,726,758,986,995,799,444,1506,589,838,907,0,0,0,0,0,0,0,0,0,0,0,0,0,0,0,0,0,0,0,528,361,511,228,600,386,498,844,393,791,439,371,419,300,176,275,227,259,129,173,183,0,0,0,0,0,0,0,0,0,0,0,0,0,0,0,0,0,0,0
23,321,1724,1123,936,845,1152,1687,1345,353,292,329,727,759,988,995,800,447,1506,592,833,907,0,0,0,0,0,0,0,0,0,0,0,0,0,0,0,0,0,0,0,523,362,510,229,600,386,498,843,393,785,439,371,418,301,176,275,228,259,130,175,185,0,0,0,0,0,0,0,0,0,0,0,0,0,0,0,0,0,0,0
24,323,1721,449,935,351,991,1686,838,0,293,333,762,1343,595,997,1122,728,1508,799,832,907,0,0,0,0,0,0,0,0,0,0,0,0,0,0,0,0,0,0,0,521,363,229,229,393,302,498,600,0,780,439,417,841,131,176,511,369,259,274,178,186,0,0,0,0,0,0,0,0,0,0,0,0,0,0,0,0,0,0,0
25,324,1719,1120,995,834,1155,996,1341,354,294,336,729,764,597,904,797,450,1507,507,936,828,0,0,0,0,0,0,0,0,0,0,0,0,0,0,0,0,0,0,0,520,364,510,303,599,388,177,841,393,774,438,369,415,132,189,275,233,259,103,232,180,0,0,0,0,0,0,0,0,0,0,0,0,0,0,0,0,0,0,0
26,322,1720,1122,1000,835,1157,995,1341,358,293,341,727,765,597,903,793,447,1507,512,937,826,0,0,0,0,0,0,0,0,0,0,0,0,0,0,0,0,0,0,0,520,365,511,304,598,387,179,839,392,771,435,369,415,134,189,278,232,261,103,235,179,0,0,0,0,0,0,0,0,0,0,0,0,0,0,0,0,0,0,0
27,326,1716,1121,1005,836,1158,993,1342,361,292,346,731,767,600,906,789,452,1506,518,935,827,0,0,0,0,0,0,0,0,0,0,0,0,0,0,0,0,0,0,0,519,366,511,305,596,387,180,836,389,768,430,371,415,136,191,278,234,264,107,236,181,0,0,0,0,0,0,0,0,0,0,0,0,0,0,0,0,0,0,0
28,331,1713,1117,936,835,1158,1683,1343,362,290,348,733,769,1009,990,786,455,1505,602,824,906,0,0,0,0,0,0,0,0,0,0,0,0,0,0,0,0,0,0,0,518,366,511,237,593,388,499,834,387,766,428,372,417,306,183,279,233,266,139,181,192,0,0,0,0,0,0,0,0,0,0,0,0,0,0,0,0,0,0,0
29,335,1712,1118,938,833,1160,1683,1345,360,293,349,731,768,1013,987,786,460,1504,602,822,907,0,0,0,0,0,0,0,0,0,0,0,0,0,0,0,0,0,0,0,515,367,511,238,592,389,500,832,387,762,429,373,416,307,184,280,235,269,140,183,194,0,0,0,0,0,0,0,0,0,0,0,0,0,0,0,0,0,0,0
30,1468,1712,1118,939,358,1163,1682,829,352,296,339,730,1347,1016,989,785,465,1503,606,820,908,0,0,0,0,0,0,0,0,0,0,0,0,0,0,0,0,0,0,0,1061,369,510,238,389,391,501,592,430,758,514,372,830,307,185,279,235,271,143,185,195,0,0,0,0,0,0,0,0,0,0,0,0,0,0,0,0,0,0,0
31,342,1712,1118,818,826,1160,989,1349,357,298,356,732,767,609,907,781,468,1502,528,1018,938,0,0,0,0,0,0,0,0,0,0,0,0,0,0,0,0,0,0,0,510,370,509,188,591,393,186,829,390,751,430,371,416,144,197,279,235,271,112,307,240,0,0,0,0,0,0,0,0,0,0,0,0,0,0,0,0,0,0,0
32,344,1712,1118,939,823,1162,1678,1350,359,298,359,735,770,1022,986,781,470,1505,612,816,906,0,0,0,0,0,0,0,0,0,0,0,0,0,0,0,0,0,0,0,508,372,509,242,591,394,503,827,390,746,428,371,415,308,188,282,235,272,148,189,199,0,0,0,0,0,0,0,0,0,0,0,0,0,0,0,0,0,0,0
33,346,1708,1118,816,363,1162,1676,1349,825,298,361,736,773,1026,985,776,473,1504,616,940,904,0,0,0,0,0,0,0,0,0,0,0,0,0,0,0,0,0,0,0,507,373,509,191,390,394,503,827,589,743,425,372,414,310,191,284,237,273,151,245,200,0,0,0,0,0,0,0,0,0,0,0,0,0,0,0,0,0,0,0
34,348,1706,1118,939,365,1164,1675,1348,825,296,366,736,775,1029,984,774,477,1504,618,813,908,0,0,0,0,0,0,0,0,0,0,0,0,0,0,0,0,0,0,0,508,373,509,245,388,393,503,824,587,740,425,372,414,311,194,284,239,275,153,191,202,0,0,0,0,0,0,0,0,0,0,0,0,0,0,0,0,0,0,0
35,347,1706,1113,939,824,1167,1675,1347,366,296,367,737,778,1032,981,775,481,1504,622,812,909,0,0,0,0,0,0,0,0,0,0,0,0,0,0,0,0,0,0,0,506,375,509,247,583,394,503,823,391,737,424,373,413,311,197,285,241,276,155,194,201,0,0,0,0,0,0,0,0,0,0,0,0,0,0,0,0,0,0,0
36,349,1705,1114,942,822,1171,1674,1350,367,300,368,739,780,1036,980,775,483,1505,626,812,911,0,0,0,0,0,0,0,0,0,0,0,0,0,0,0,0,0,0,0,505,375,510,248,583,395,502,821,393,733,425,376,413,313,196,284,242,278,156,197,203,0,0,0,0,0,0,0,0,0,0,0,0,0,0,0,0,0,0,0
37,355,1704,1116,943,822,1171,1673,1351,367,304,371,739,783,1041,982,774,484,1504,629,807,911,0,0,0,0,0,0,0,0,0,0,0,0,0,0,0,0,0,0,0,503,376,509,249,582,396,504,819,397,730,424,377,415,314,197,284,244,281,157,199,205,0,0,0,0,0,0,0,0,0,0,0,0,0,0,0,0,0,0,0
38,361,1703,1117,808,817,632,981,1353,370,307,373,737,783,1173,911,771,487,1504,554,1046,943,0,0,0,0,0,0,0,0,0,0,0,0,0,0,0,0,0,0,0,501,377,508,201,582,158,198,817,404,723,418,377,415,397,207,286,245,282,122,315,251,0,0,0,0,0,0,0,0,0,0,0,0,0,0,0,0,0,0,0
39,364,1704,491,808,373,635,980,813,375,308,377,782,1353,1175,910,1118,738,1502,769,1050,944,0,0,0,0,0,0,0,0,0,0,0,0,0,0,0,0,0,0,0,497,379,246,201,399,161,199,581,412,718,421,415,815,399,209,507,377,285,288,316,252,0,0,0,0,0,0,0,0,0,0,0,0,0,0,0,0,0,0,0
40,366,1704,1118,944,1354,1178,1671,812,375,306,376,741,786,1056,979,763,497,1503,636,805,909,0,0,0,0,0,0,0,0,0,0,0,0,0,0,0,0,0,0,0,495,380,507,254,815,400,507,580,405,716,417,376,414,317,200,289,245,286,164,200,210,0,0,0,0,0,0,0,0,0,0,0,0,0,0,0,0,0,0,0
41,366,1706,1117,802,1357,1179,978,812,365,304,378,744,787,1059,910,764,501,1505,634,565,943,0,0,0,0,0,0,0,0,0,0,0,0,0,0,0,0,0,0,0,495,381,508,201,814,400,203,578,395,715,423,375,413,316,210,288,245,285,166,125,255,0,0,0,0,0,0,0,0,0,0,0,0,0,0,0,0,0,0,0
42,366,1705,1115,942,812,1179,1669,1356,362,304,375,744,790,1064,973,764,502,1507,635,800,912,0,0,0,0,0,0,0,0,0,0,0,0,0,0,0,0,0,0,0,496,382,509,255,576,401,508,813,394,712,423,374,411,316,202,288,246,285,167,203,211,0,0,0,0,0,0,0,0,0,0,0,0,0,0,0,0,0,0,0
43,366,1704,1114,1067,810,1179,973,1354,361,308,379,744,792,796,912,762,505,1507,640,569,944,0,0,0,0,0,0,0,0,0,0,0,0,0,0,0,0,0,0,0,495,381,508,316,574,400,203,813,395,708,424,375,411,205,211,289,248,286,168,123,256,0,0,0,0,0,0,0,0,0,0,0,0,0,0,0,0,0,0,0
44,370,1706,1115,1070,1354,1182,975,808,362,312,381,744,795,798,911,761,507,1506,641,571,947,0,0,0,0,0,0,0,0,0,0,0,0,0,0,0,0,0,0,0,495,382,508,317,811,401,205,574,396,703,422,377,410,206,213,290,250,288,170,130,257,0,0,0,0,0,0,0,0,0,0,0,0,0,0,0,0,0,0,0
45,374,1705,1115,1074,805,573,975,1354,363,314,383,744,797,798,911,758,507,1507,641,1185,947,0,0,0,0,0,0,0,0,0,0,0,0,0,0,0,0,0,0,0,492,383,507,318,573,132,206,809,399,698,422,377,410,207,215,290,251,289,171,401,258,0,0,0,0,0,0,0,0,0,0,0,0,0,0,0,0,0,0,0
46,378,1704,1116,1078,802,1188,972,1357,364,315,384,744,798,795,911,756,511,1507,644,576,947,0,0,0,0,0,0,0,0,0,0,0,0,0,0,0,0,0,0,0,490,384,506,319,572,402,208,807,397,692,421,378,410,207,216,290,251,292,173,131,260,0,0,0,0,0,0,0,0,0,0,0,0,0,0,0,0,0,0,0
47,382,1704,1115,794,803,1191,972,1359,367,313,387,746,799,948,909,752,515,1508,647,581,1081,0,0,0,0,0,0,0,0,0,0,0,0,0,0,0,0,0,0,0,488,385,506,209,571,403,209,805,396,691,422,377,411,263,217,291,251,294,175,131,319,0,0,0,0,0,0,0,0,0,0,0,0,0,0,0,0,0,0,0
48,384,1707,1116,946,804,1193,1669,1361,368,313,387,748,801,1085,972,753,520,1508,648,791,911,0,0,0,0,0,0,0,0,0,0,0,0,0,0,0,0,0,0,0,486,387,507,265,569,404,511,803,395,688,422,377,411,322,211,291,251,295,178,213,217,0,0,0,0,0,0,0,0,0,0,0,0,0,0,0,0,0,0,0
49,386,1709,525,947,804,1196,1668,1363,369,316,387,751,805,1090,969,754,1114,1509,646,789,915,0,0,0,0,0,0,0,0,0,0,0,0,0,0,0,0,0,0,0,485,388,252,265,565,406,512,802,396,685,424,376,409,321,211,290,507,296,179,213,218,0,0,0,0,0,0,0,0,0,0,0,0,0,0,0,0,0,0,0
50,385,1709,1114,950,802,1200,1667,1366,371,321,390,753,808,1097,972,755,531,1513,652,792,918,0,0,0,0,0,0,0,0,0,0,0,0,0,0,0,0,0,0,0,485,388,508,265,563,407,512,801,398,681,424,376,407,322,211,289,253,296,181,213,218,0,0,0,0,0,0,0,0,0,0,0,0,0,0,0,0,0,0,0
51,388,1710,1115,954,802,1202,1668,1366,373,327,397,755,814,1103,975,754,534,1515,656,794,917,0,0,0,0,0,0,0,0,0,0,0,0,0,0,0,0,0,0,0,484,390,508,265,563,406,512,800,398,675,426,377,407,322,211,290,254,297,181,214,219,0,0,0,0,0,0,0,0,0,0,0,0,0,0,0,0,0,0,0
52,392,1712,1118,954,802,1203,1670,1366,374,329,401,756,816,1109,975,752,538,1517,658,792,919,0,0,0,0,0,0,0,0,0,0,0,0,0,0,0,0,0,0,0,482,390,505,267,563,407,512,799,399,669,427,378,407,323,212,290,256,298,183,212,221,0,0,0,0,0,0,0,0,0,0,0,0,0,0,0,0,0,0,0
53,397,1714,1118,956,799,1206,1672,1368,378,329,400,755,820,1115,974,751,542,1519,663,791,920,0,0,0,0,0,0,0,0,0,0,0,0,0,0,0,0,0,0,0,480,390,505,268,563,407,511,798,400,666,428,379,407,324,213,292,257,298,186,214,223,0,0,0,0,0,0,0,0,0,0,0,0,0,0,0,0,0,0,0
54,404,1716,1118,959,798,1211,1673,1372,379,330,403,755,823,1121,973,750,546,1521,669,791,920,0,0,0,0,0,0,0,0,0,0,0,0,0,0,0,0,0,0,0,477,391,505,269,561,407,511,795,400,665,426,379,407,324,215,291,259,301,187,216,224,0,0,0,0,0,0,0,0,0,0,0,0,0,0,0,0,0,0,0
55,408,1719,548,961,382,1215,1674,800,0,333,406,1376,823,1126,975,1117,759,1524,753,790,923,0,0,0,0,0,0,0,0,0,0,0,0,0,0,0,0,0,0,0,477,392,259,271,397,407,512,559,0,663,427,793,407,324,217,504,378,303,291,217,223,0,0,0,0,0,0,0,0,0,0,0,0,0,0,0,0,0,0,0
56,410,1722,1115,961,803,1219,1674,1379,385,338,409,764,828,1131,976,755,550,1528,675,793,926,0,0,0,0,0,0,0,0,0,0,0,0,0,0,0,0,0,0,0,476,394,506,272,557,409,513,793,396,660,426,377,406,326,218,291,259,305,191,217,222,0,0,0,0,0,0,0,0,0,0,0,0,0,0,0,0,0,0,0
57,411,1727,1118,963,804,1224,1678,1381,387,344,410,768,833,1137,977,756,556,1529,678,794,929,0,0,0,0,0,0,0,0,0,0,0,0,0,0,0,0,0,0,0,475,396,505,272,555,410,515,792,397,655,426,377,406,327,219,291,259,307,192,218,224,0,0,0,0,0,0,0,0,0,0,0,0,0,0,0,0,0,0,0
58,412,1729,1121,967,802,1228,1675,1385,388,348,413,837,768,1143,979,753,562,1531,682,793,930,0,0,0,0,0,0,0,0,0,0,0,0,0,0,0,0,0,0,0,475,396,506,271,554,411,516,791,397,650,424,404,375,326,218,291,259,307,194,218,226,0,0,0,0,0,0,0,0,0,0,0,0,0,0,0,0,0,0,0
59,415,1733,567,1232,390,793,980,801,0,349,416,1388,769,969,931,1122,840,1679,756,685,1147,0,0,0,0,0,0,0,0,0,0,0,0,0,0,0,0,0,0,0,473,397,259,412,397,219,219,554,0,646,421,790,375,273,227,505,404,516,292,196,328,0,0,0,0,0,0,0,0,0,0,0,0,0,0,0,0,0,0,0
60,420,1734,1121,970,798,1235,1679,1390,394,348,421,769,844,1152,979,756,571,1538,685,792,932,0,0,0,0,0,0,0,0,0,0,0,0,0,0,0,0,0,0,0,472,397,506,274,553,412,516,790,399,643,420,378,404,327,219,292,260,308,198,221,228,0,0,0,0,0,0,0,0,0,0,0,0,0,0,0,0,0,0,0
61,425,1737,1119,973,799,1236,981,1390,397,350,426,771,847,1157,1680,753,577,1540,688,791,934,0,0,0,0,0,0,0,0,0,0,0,0,0,0,0,0,0,0,0,470,399,506,275,553,413,222,789,399,642,418,377,404,329,515,292,261,307,200,222,229,0,0,0,0,0,0,0,0,0,0,0,0,0,0,0,0,0,0,0
62,428,1739,1116,973,801,1240,1683,1389,399,354,431,774,848,1163,982,754,580,1542,693,794,934,0,0,0,0,0,0,0,0,0,0,0,0,0,0,0,0,0,0,0,467,399,506,277,552,413,516,788,399,638,416,377,405,330,223,292,263,309,200,222,230,0,0,0,0,0,0,0,0,0,0,0,0,0,0,0,0,0,0,0
63,430,1740,1117,974,803,1244,1684,1393,437,359,402,777,851,1170,981,756,582,1545,698,794,937,0,0,0,0,0,0,0,0,0,0,0,0,0,0,0,0,0,0,0,466,400,506,278,550,412,516,786,415,634,401,376,406,330,224,291,265,310,202,222,229,0,0,0,0,0,0,0,0,0,0,0,0,0,0,0,0,0,0,0
64,431,1743,1120,974,803,792,1684,1396,404,363,444,780,855,1176,982,758,584,1546,701,1249,941,0,0,0,0,0,0,0,0,0,0,0,0,0,0,0,0,0,0,0,466,401,504,278,546,222,516,785,402,630,413,375,404,331,225,290,264,313,204,412,230,0,0,0,0,0,0,0,0,0,0,0,0,0,0,0,0,0,0,0
65,430,1745,1120,976,802,1250,1685,1398,404,367,448,781,860,942,984,758,588,1548,703,793,1182,0,0,0,0,0,0,0,0,0,0,0,0,0,0,0,0,0,0,0,466,402,503,278,545,414,516,783,403,623,409,375,404,231,225,292,265,313,206,223,330,0,0,0,0,0,0,0,0,0,0,0,0,0,0,0,0,0,0,0
66,433,1747,1118,980,801,1253,1682,1400,406,367,450,780,863,1186,985,757,595,1550,704,791,940,0,0,0,0,0,0,0,0,0,0,0,0,0,0,0,0,0,0,0,465,404,501,279,546,414,518,781,407,620,407,375,403,332,225,293,264,316,209,226,233,0,0,0,0,0,0,0,0,0,0,0,0,0,0,0,0,0,0,0
67,437,1550,1111,654,795,1256,983,1402,410,368,455,783,865,941,1190,755,600,1682,705,791,981,0,0,0,0,0,0,0,0,0,0,0,0,0,0,0,0,0,0,0,463,316,501,152,546,415,226,780,407,619,405,376,402,235,333,295,266,518,210,226,280,0,0,0,0,0,0,0,0,0,0,0,0,0,0,0,0,0,0,0
68,441,1552,1110,659,792,1259,983,1404,411,370,458,783,869,942,1193,753,604,1680,708,792,981,0,0,0,0,0,0,0,0,0,0,0,0,0,0,0,0,0,0,0,461,316,501,149,545,416,229,779,405,618,403,377,402,237,333,295,267,520,211,227,281,0,0,0,0,0,0,0,0,0,0,0,0,0,0,0,0,0,0,0
69,445,1554,1110,663,459,1260,1678,1404,412,373,791,783,871,941,983,754,607,1750,710,791,982,0,0,0,0,0,0,0,0,0,0,0,0,0,0,0,0,0,0,0,457,317,500,150,403,416,519,778,405,614,543,376,403,237,231,294,268,407,211,227,284,0,0,0,0,0,0,0,0,0,0,0,0,0,0,0,0,0,0,0
70,446,1751,871,1259,792,789,1680,1403,414,376,465,782,1112,943,981,609,1110,1554,755,710,982,0,0,0,0,0,0,0,0,0,0,0,0,0,0,0,0,0,0,0,456,407,403,417,541,227,517,776,403,609,400,377,501,237,232,270,499,318,293,213,285,0,0,0,0,0,0,0,0,0,0,0,0,0,0,0,0,0,0,0
71,446,1752,1109,983,792,1262,1681,1402,415,380,469,784,873,1204,980,753,611,1554,708,789,944,0,0,0,0,0,0,0,0,0,0,0,0,0,0,0,0,0,0,0,456,407,498,286,539,416,518,775,401,605,397,377,402,335,232,293,271,319,214,230,238,0,0,0,0,0,0,0,0,0,0,0,0,0,0,0,0,0,0,0
72,445,1752,1107,982,793,1265,1680,1404,418,380,470,785,875,1206,980,751,610,1557,707,785,945,0,0,0,0,0,0,0,0,0,0,0,0,0,0,0,0,0,0,0,456,408,498,287,538,417,518,774,401,601,393,375,401,336,232,292,272,320,216,231,238,0,0,0,0,0,0,0,0,0,0,0,0,0,0,0,0,0,0,0
73,443,1753,1102,983,790,1267,1674,1406,419,377,474,785,877,1210,978,750,609,1558,710,784,940,0,0,0,0,0,0,0,0,0,0,0,0,0,0,0,0,0,0,0,456,408,497,287,537,417,517,772,400,599,393,373,399,335,233,294,272,322,218,231,238,0,0,0,0,0,0,0,0,0,0,0,0,0,0,0,0,0,0,0
74,8,1558,782,1267,418,782,978,476,444,376,787,1405,1099,938,1213,609,877,1670,743,711,983,0,0,0,0,0,0,0,0,0,0,0,0,0,0,0,0,0,0,0,363,323,373,417,399,231,235,391,455,597,537,770,498,240,336,272,398,518,294,219,286,0,0,0,0,0,0,0,0,0,0,0,0,0,0,0,0,0,0,0
75,14,1556,781,1266,417,779,973,478,445,379,780,1404,1092,1216,936,611,878,1669,744,707,982,0,0,0,0,0,0,0,0,0,0,0,0,0,0,0,0,0,0,0,363,323,374,417,398,229,235,391,454,595,537,768,498,337,242,272,397,519,295,220,288,0,0,0,0,0,0,0,0,0,0,0,0,0,0,0,0,0,0,0
76,22,1554,781,1268,418,774,1218,479,447,380,778,1403,1092,970,937,613,879,1671,741,708,981,0,0,0,0,0,0,0,0,0,0,0,0,0,0,0,0,0,0,0,363,324,375,418,396,229,337,388,452,591,536,767,497,237,243,273,397,520,294,221,289,0,0,0,0,0,0,0,0,0,0,0,0,0,0,0,0,0,0,0
77,30,445,1555,1090,981,780,1269,1222,1406,420,381,480,779,879,969,936,741,615,1671,709,772,677,0,0,0,0,0,0,0,0,0,0,0,0,0,0,0,0,0,0,363,447,325,494,290,533,419,337,766,392,586,383,375,396,238,243,293,273,519,223,231,154,0,0,0,0,0,0,0,0,0,0,0,0,0,0,0,0,0,0
78,36,1557,778,981,421,1270,1225,782,445,379,478,1406,1087,969,938,615,879,1670,741,709,676,0,0,0,0,0,0,0,0,0,0,0,0,0,0,0,0,0,0,0,362,324,374,291,391,419,338,531,447,581,383,767,493,237,244,273,396,520,291,224,152,0,0,0,0,0,0,0,0,0,0,0,0,0,0,0,0,0,0,0
79,42,1759,777,1269,418,981,1670,780,444,376,480,1405,880,1229,968,615,1082,1558,736,707,937,0,0,0,0,0,0,0,0,0,0,0,0,0,0,0,0,0,0,0,362,412,373,420,390,291,520,529,447,580,381,767,393,338,236,274,493,324,291,225,243,0,0,0,0,0,0,0,0,0,0,0,0,0,0,0,0,0,0,0
80,443,1760,1079,979,777,1270,1231,1404,418,373,481,778,883,1672,967,733,614,1560,710,767,936,0,0,0,0,0,0,0,0,0,0,0,0,0,0,0,0,0,0,0,446,412,493,290,527,419,338,765,389,578,378,372,391,518,236,292,274,324,226,230,243,0,0,0,0,0,0,0,0,0,0,0,0,0,0,0,0,0,0,0
81,52,1561,776,1272,419,764,1235,772,441,369,481,1403,1073,965,935,882,610,1671,730,708,979,0,0,0,0,0,0,0,0,0,0,0,0,0,0,0,0,0,0,0,360,323,370,418,388,230,338,528,446,576,375,764,492,235,243,389,274,517,294,226,290,0,0,0,0,0,0,0,0,0,0,0,0,0,0,0,0,0,0,0
82,57,1561,773,1274,420,761,1238,767,436,374,476,1406,609,963,935,883,1069,1671,730,706,981,0,0,0,0,0,0,0,0,0,0,0,0,0,0,0,0,0,0,0,360,326,369,418,387,229,337,528,445,572,373,763,274,235,244,389,491,517,293,226,290,0,0,0,0,0,0,0,0,0,0,0,0,0,0,0,0,0,0,0
83,436,423,1766,771,980,764,1277,961,1408,476,376,1069,611,884,1240,1671,725,726,1563,706,757,933,0,0,0,0,0,0,0,0,0,0,0,0,0,0,0,0,0,0,442,383,413,368,290,527,417,238,761,369,569,490,274,387,337,517,287,293,326,226,230,244,0,0,0,0,0,0,0,0,0,0,0,0,0,0,0,0,0,0
84,0,437,1770,771,754,761,1278,1673,476,0,375,425,1409,612,1242,930,886,1068,1566,725,704,980,0,0,0,0,0,0,0,0,0,0,0,0,0,0,0,0,0,0,0,440,414,370,229,526,417,518,368,0,564,378,760,271,336,244,386,489,326,291,226,289,0,0,0,0,0,0,0,0,0,0,0,0,0,0,0,0,0,0
85,0,437,1773,1065,979,763,1280,1674,1411,426,374,477,768,888,1245,955,724,616,1566,703,751,930,0,0,0,0,0,0,0,0,0,0,0,0,0,0,0,0,0,0,0,438,414,487,289,525,417,518,759,375,560,368,368,385,337,236,289,270,325,226,228,243,0,0,0,0,0,0,0,0,0,0,0,0,0,0,0,0,0,0
86,77,1567,766,750,435,1282,954,762,426,371,477,1413,614,1249,929,888,1061,1674,721,704,980,0,0,0,0,0,0,0,0,0,0,0,0,0,0,0,0,0,0,0,358,324,367,228,434,418,237,522,373,559,363,759,270,337,242,384,488,519,285,228,289,0,0,0,0,0,0,0,0,0,0,0,0,0,0,0,0,0,0,0
87,0,436,1777,1059,981,761,1283,1673,1414,427,370,477,766,890,1254,955,719,616,1571,700,748,928,0,0,0,0,0,0,0,0,0,0,0,0,0,0,0,0,0,0,0,433,414,487,288,520,418,519,758,372,558,361,366,384,337,236,285,269,325,229,224,243,0,0,0,0,0,0,0,0,0,0,0,0,0,0,0,0,0,0
88,0,433,1780,1052,982,758,1283,1674,1414,428,371,474,767,616,1257,952,718,892,1572,700,742,925,0,0,0,0,0,0,0,0,0,0,0,0,0,0,0,0,0,0,0,434,415,488,290,519,418,518,758,370,555,358,366,270,337,236,285,381,325,229,224,243,0,0,0,0,0,0,0,0,0,0,0,0,0,0,0,0,0,0
89,0,754,1783,1051,981,430,1283,1676,1414,0,371,473,767,893,1262,949,716,617,1574,700,741,923,0,0,0,0,0,0,0,0,0,0,0,0,0,0,0,0,0,0,0,518,415,486,291,368,417,518,757,0,550,356,364,380,337,237,285,270,325,229,225,243,0,0,0,0,0,0,0,0,0,0,0,0,0,0,0,0,0,0
90,0,753,1784,1050,983,431,1286,1677,1415,0,372,473,766,615,1266,948,715,895,1576,700,739,926,0,0,0,0,0,0,0,0,0,0,0,0,0,0,0,0,0,0,0,518,414,485,289,366,416,516,755,0,545,354,363,268,335,236,283,376,324,228,225,243,0,0,0,0,0,0,0,0,0,0,0,0,0,0,0,0,0,0
91,0,749,1788,1049,984,431,1289,1676,1419,0,372,470,764,897,1270,948,714,613,1579,700,736,924,0,0,0,0,0,0,0,0,0,0,0,0,0,0,0,0,0,0,0,518,415,482,288,364,416,516,755,0,541,353,362,376,336,237,282,270,326,230,225,244,0,0,0,0,0,0,0,0,0,0,0,0,0,0,0,0,0,0
92,0,750,1793,1045,984,434,1291,1677,1420,0,371,475,762,899,1274,946,715,612,1582,700,736,926,0,0,0,0,0,0,0,0,0,0,0,0,0,0,0,0,0,0,0,517,415,483,290,362,417,516,753,0,539,350,364,375,336,237,282,269,327,230,224,244,0,0,0,0,0,0,0,0,0,0,0,0,0,0,0,0,0,0
93,0,114,1797,761,734,435,983,1278,1421,749,369,436,476,612,946,926,901,1042,1680,712,706,1294,0,0,0,0,0,0,0,0,0,0,0,0,0,0,0,0,0,0,0,351,416,364,223,428,288,335,753,516,538,360,347,269,238,242,374,482,517,281,230,415,0,0,0,0,0,0,0,0,0,0,0,0,0,0,0,0,0,0
94,0,118,1801,761,731,435,985,1281,1423,748,369,438,475,614,946,927,902,1039,1682,711,706,1296,0,0,0,0,0,0,0,0,0,0,0,0,0,0,0,0,0,0,0,350,416,363,223,426,289,335,752,513,537,357,344,268,235,242,372,483,517,280,231,414,0,0,0,0,0,0,0,0,0,0,0,0,0,0,0,0,0,0
95,0,123,1804,759,725,434,986,1283,1425,745,369,440,473,613,945,926,904,1033,1681,708,703,1295,0,0,0,0,0,0,0,0,0,0,0,0,0,0,0,0,0,0,0,350,417,363,222,424,291,335,751,511,534,357,341,266,236,242,370,483,516,280,232,420,0,0,0,0,0,0,0,0,0,0,0,0,0,0,0,0,0,0
96,0,434,1806,1031,984,742,1296,1679,1428,442,370,472,758,906,1286,942,707,612,1588,703,723,922,0,0,0,0,0,0,0,0,0,0,0,0,0,0,0,0,0,0,0,421,417,480,291,510,419,519,751,356,529,340,361,369,336,234,280,265,325,232,224,243,0,0,0,0,0,0,0,0,0,0,0,0,0,0,0,0,0,0
97,0,434,1809,1031,985,740,1296,1680,1428,445,370,473,758,907,1288,938,704,611,1589,702,719,921,0,0,0,0,0,0,0,0,0,0,0,0,0,0,0,0,0,0,0,421,417,478,290,510,418,516,751,355,524,339,360,367,335,235,279,266,324,233,223,244,0,0,0,0,0,0,0,0,0,0,0,0,0,0,0,0,0,0
98,0,434,1811,1026,983,734,1296,1681,1425,449,370,472,755,908,1290,936,703,611,1590,702,719,920,0,0,0,0,0,0,0,0,0,0,0,0,0,0,0,0,0,0,0,421,416,476,289,510,417,516,751,352,521,337,359,364,335,235,279,265,325,235,221,245,0,0,0,0,0,0,0,0,0,0,0,0,0,0,0,0,0,0
99,430,1813,1023,986,731,1296,1681,1425,451,369,473,753,910,1293,931,702,612,1592,707,717,922,0,0,0,0,0,0,0,0,0,0,0,0,0,0,0,0,0,0,0,420,417,476,288,509,415,515,749,351,520,334,358,364,335,239,277,265,325,236,223,244,0,0,0,0,0,0,0,0,0,0,0,0,0,0,0,0,0,0,0
100,0,368,1814,1020,987,431,1299,1681,1427,729,0,456,471,613,1297,933,700,753,1594,704,715,921,0,0,0,0,0,0,0,0,0,0,0,0,0,0,0,0,0,0,0,518,417,476,289,419,415,514,747,508,0,350,333,265,335,236,275,361,326,234,226,243,0,0,0,0,0,0,0,0,0,0,0,0,0,0,0,0,0,0
101,0,366,1815,1016,984,428,1301,1680,1428,727,0,458,469,699,1300,934,615,748,1596,703,707,923,0,0,0,0,0,0,0,0,0,0,0,0,0,0,0,0,0,0,0,515,416,476,287,417,415,514,746,506,0,348,330,273,335,236,264,360,327,235,222,243,0,0,0,0,0,0,0,0,0,0,0,0,0,0,0,0,0,0
102,0,366,1818,468,701,430,985,1680,726,0,0,0,462,1010,1303,927,747,1428,1596,615,697,1300,0,0,0,0,0,0,0,0,0,0,0,0,0,0,0,0,0,0,0,513,417,332,227,416,288,516,505,0,0,0,345,475,335,240,360,745,327,264,272,414,0,0,0,0,0,0,0,0,0,0,0,0,0,0,0,0,0,0
103,0,367,1822,1429,699,158,984,1681,725,431,0,466,470,615,1306,920,1009,741,1596,696,914,1301,0,0,0,0,0,0,0,0,0,0,0,0,0,0,0,0,0,0,0,511,419,745,227,348,290,516,504,416,0,343,333,265,336,241,475,360,328,274,361,416,0,0,0,0,0,0,0,0,0,0,0,0,0,0,0,0,0,0
104,0,366,1824,1428,699,430,985,1680,722,0,0,0,467,614,1307,917,1006,742,1596,692,914,1302,0,0,0,0,0,0,0,0,0,0,0,0,0,0,0,0,0,0,0,504,418,743,226,413,290,516,501,0,0,0,338,264,335,240,471,356,326,272,359,416,0,0,0,0,0,0,0,0,0,0,0,0,0,0,0,0,0,0
105,0,362,1824,1427,693,162,983,1675,716,425,0,0,466,998,1308,914,739,464,1594,611,686,1299,0,0,0,0,0,0,0,0,0,0,0,0,0,0,0,0,0,0,0,497,415,738,224,344,286,512,497,408,0,0,335,467,330,237,352,329,322,262,269,412,0,0,0,0,0,0,0,0,0,0,0,0,0,0,0,0,0,0
106,0,358,1825,1426,687,423,980,1673,709,468,0,0,458,606,1309,913,735,991,1595,685,913,1299,0,0,0,0,0,0,0,0,0,0,0,0,0,0,0,0,0,0,0,496,414,737,223,407,284,510,496,334,0,0,318,261,329,237,349,465,320,267,352,411,0,0,0,0,0,0,0,0,0,0,0,0,0,0,0,0,0,0
107,358,1827,458,683,169,981,1675,1425,422,0,706,472,602,1311,914,731,989,1596,685,914,1297,0,0,0,0,0,0,0,0,0,0,0,0,0,0,0,0,0,0,0,495,415,319,225,341,284,510,737,408,0,497,334,261,331,237,350,467,322,266,352,412,0,0,0,0,0,0,0,0,0,0,0,0,0,0,0,0,0,0,0
108,0,358,1597,985,681,419,1296,1673,1423,704,0,476,458,680,1313,909,597,729,1829,914,682,981,0,0,0,0,0,0,0,0,0,0,0,0,0,0,0,0,0,0,0,492,322,467,226,407,412,509,735,496,0,334,318,264,331,236,261,350,414,349,235,283,0,0,0,0,0,0,0,0,0,0,0,0,0,0,0,0,0,0
109,0,357,1828,458,677,419,980,1670,1422,700,0,0,476,595,1313,905,978,724,1597,675,680,1296,0,0,0,0,0,0,0,0,0,0,0,0,0,0,0,0,0,0,0,491,415,317,219,406,284,508,734,495,0,0,334,262,330,236,465,351,323,264,237,411,0,0,0,0,0,0,0,0,0,0,0,0,0,0,0,0,0,0
110,0,352,1592,453,666,172,973,1292,1417,412,0,693,473,667,1308,905,594,970,1662,907,667,894,0,0,0,0,0,0,0,0,0,0,0,0,0,0,0,0,0,0,0,489,324,317,218,342,286,412,735,407,0,495,335,267,331,243,263,465,509,348,233,235,0,0,0,0,0,0,0,0,0,0,0,0,0,0,0,0,0,0
111,170,1588,963,654,407,970,1287,1413,688,346,471,450,659,1660,897,588,710,1304,903,662,884,0,0,0,0,0,0,0,0,0,0,0,0,0,0,0,0,0,0,0,337,322,461,211,404,283,409,731,492,482,332,313,265,507,242,261,349,331,345,240,231,0,0,0,0,0,0,0,0,0,0,0,0,0,0,0,0,0,0,0
112,0,345,1821,960,970,406,1289,1660,1416,686,0,474,452,656,1308,897,588,709,1589,906,663,884,0,0,0,0,0,0,0,0,0,0,0,0,0,0,0,0,0,0,0,479,412,458,281,402,408,505,728,489,0,328,312,261,328,241,259,347,319,342,235,233,0,0,0,0,0,0,0,0,0,0,0,0,0,0,0,0,0,0
113,177,1585,954,647,403,968,1288,1413,681,343,474,451,654,1656,895,586,708,1308,905,658,880,0,0,0,0,0,0,0,0,0,0,0,0,0,0,0,0,0,0,0,336,322,459,211,402,285,409,729,489,479,328,311,262,507,242,261,347,330,342,238,232,0,0,0,0,0,0,0,0,0,0,0,0,0,0,0,0,0,0,0
114,0,401,1819,948,966,677,1286,1652,1414,472,341,447,703,903,1310,891,649,582,1585,654,641,876,0,0,0,0,0,0,0,0,0,0,0,0,0,0,0,0,0,0,0,402,414,459,284,489,411,508,728,327,478,312,346,342,330,242,261,261,322,241,212,229,0,0,0,0,0,0,0,0,0,0,0,0,0,0,0,0,0,0
115,0,337,1819,446,636,397,1284,1649,1412,671,0,470,940,654,1310,888,577,698,1584,643,902,872,0,0,0,0,0,0,0,0,0,0,0,0,0,0,0,0,0,0,0,473,414,310,211,402,410,505,727,489,0,326,458,240,329,243,260,344,321,260,340,228,0,0,0,0,0,0,0,0,0,0,0,0,0,0,0,0,0,0
116,0,333,1819,446,631,392,1281,1647,1408,665,0,469,934,648,1310,885,574,693,1580,640,900,867,0,0,0,0,0,0,0,0,0,0,0,0,0,0,0,0,0,0,0,470,415,310,211,402,410,506,727,489,0,327,459,243,329,243,260,346,320,262,340,231,0,0,0,0,0,0,0,0,0,0,0,0,0,0,0,0,0,0
117,182,1821,448,627,388,885,1646,1405,659,329,470,931,643,1311,1279,576,691,1580,635,898,862,0,0,0,0,0,0,0,0,0,0,0,0,0,0,0,0,0,0,0,339,416,312,212,402,245,507,728,491,468,328,459,245,330,411,261,349,321,264,341,231,0,0,0,0,0,0,0,0,0,0,0,0,0,0,0,0,0,0,0
118,183,1580,447,623,382,957,1276,1402,654,323,470,925,642,1642,883,572,687,1311,630,895,858,0,0,0,0,0,0,0,0,0,0,0,0,0,0,0,0,0,0,0,338,322,311,212,400,284,411,725,489,467,327,457,241,505,242,260,348,330,263,339,230,0,0,0,0,0,0,0,0,0,0,0,0,0,0,0,0,0,0,0
119,0,377,1820,920,1274,651,955,1637,1400,467,316,446,677,892,1309,879,627,568,1580,638,614,852,0,0,0,0,0,0,0,0,0,0,0,0,0,0,0,0,0,0,0,399,415,455,410,488,283,504,724,327,465,309,347,339,329,241,260,259,322,238,211,230,0,0,0,0,0,0,0,0,0,0,0,0,0,0,0,0,0,0
120,0,185,1818,912,953,374,1273,1635,1398,647,314,466,448,891,1308,876,564,673,1577,634,608,849,0,0,0,0,0,0,0,0,0,0,0,0,0,0,0,0,0,0,0,338,415,455,284,401,410,505,723,487,464,327,309,337,329,240,260,348,322,242,211,231,0,0,0,0,0,0,0,0,0,0,0,0,0,0,0,0,0,0
121,0,371,1818,906,952,640,1271,1632,1397,465,311,450,668,889,1307,874,617,558,1576,629,603,844,0,0,0,0,0,0,0,0,0,0,0,0,0,0,0,0,0,0,0,401,415,455,286,487,410,506,722,327,462,308,346,337,330,239,261,261,322,243,213,231,0,0,0,0,0,0,0,0,0,0,0,0,0,0,0,0,0,0
122,0,365,1817,901,952,635,1269,1629,1395,465,308,452,666,888,1307,873,609,553,1574,626,601,838,0,0,0,0,0,0,0,0,0,0,0,0,0,0,0,0,0,0,0,400,415,454,285,486,410,505,721,326,459,308,344,336,329,240,259,258,321,245,213,230,0,0,0,0,0,0,0,0,0,0,0,0,0,0,0,0,0,0
123,188,1572,453,886,362,947,1268,1393,628,304,465,892,617,872,836,553,663,1306,549,602,592,0,0,0,0,0,0,0,0,0,0,0,0,0,0,0,0,0,0,0,337,321,308,336,400,284,411,720,486,456,325,454,245,238,229,259,344,329,254,259,214,0,0,0,0,0,0,0,0,0,0,0,0,0,0,0,0,0,0,0
124,360,1815,888,1266,626,948,1621,1394,464,299,455,661,885,1305,871,604,552,1571,617,587,832,0,0,0,0,0,0,0,0,0,0,0,0,0,0,0,0,0,0,0,399,415,453,412,486,283,505,719,323,454,307,343,334,329,239,260,259,320,248,212,229,0,0,0,0,0,0,0,0,0,0,0,0,0,0,0,0,0,0,0
125,0,360,1572,655,948,622,1265,1621,1392,463,295,886,550,883,1306,871,611,605,1815,617,586,828,0,0,0,0,0,0,0,0,0,0,0,0,0,0,0,0,0,0,0,399,320,343,283,485,411,503,719,318,452,451,258,334,330,239,262,260,415,249,210,229,0,0,0,0,0,0,0,0,0,0,0,0,0,0,0,0,0,0
126,197,1570,463,826,359,949,1264,1390,619,292,464,882,583,1620,871,547,648,1308,594,617,882,0,0,0,0,0,0,0,0,0,0,0,0,0,0,0,0,0,0,0,336,320,311,230,399,284,412,718,485,451,321,450,211,502,240,260,345,330,261,247,334,0,0,0,0,0,0,0,0,0,0,0,0,0,0,0,0,0,0,0
127,0,0,1815,462,948,290,1262,1618,1389,356,0,617,878,880,1308,871,595,549,1571,617,578,821,0,0,0,0,0,0,0,0,0,0,0,0,0,0,0,0,0,0,0,0,417,321,284,450,411,502,717,399,0,485,450,334,330,241,263,265,321,247,212,231,0,0,0,0,0,0,0,0,0,0,0,0,0,0,0,0,0,0
128,0,288,1818,463,820,352,1264,1617,1389,615,0,461,874,881,1311,873,593,547,1574,618,574,948,0,0,0,0,0,0,0,0,0,0,0,0,0,0,0,0,0,0,0,447,417,312,232,398,410,502,716,483,0,319,450,332,330,242,262,260,321,245,212,283,0,0,0,0,0,0,0,0,0,0,0,0,0,0,0,0,0,0
129,0,285,1820,467,950,206,1265,1617,1390,350,0,612,462,573,1313,873,870,644,1575,550,592,882,0,0,0,0,0,0,0,0,0,0,0,0,0,0,0,0,0,0,0,444,416,309,283,335,410,502,714,397,0,482,320,213,330,242,450,343,321,260,259,329,0,0,0,0,0,0,0,0,0,0,0,0,0,0,0,0,0,0
130,0,209,1821,469,951,349,1264,1617,1389,609,280,462,867,570,1315,872,548,641,1577,591,625,882,0,0,0,0,0,0,0,0,0,0,0,0,0,0,0,0,0,0,0,338,418,307,285,398,411,503,714,481,444,318,450,213,331,242,261,345,321,259,244,329,0,0,0,0,0,0,0,0,0,0,0,0,0,0,0,0,0,0
131,212,347,1823,861,953,607,1264,1617,1390,464,276,472,639,882,1318,875,590,546,1577,628,566,812,0,0,0,0,0,0,0,0,0,0,0,0,0,0,0,0,0,0,337,398,418,448,284,483,411,503,713,319,443,308,342,329,331,242,259,261,322,243,213,232,0,0,0,0,0,0,0,0,0,0,0,0,0,0,0,0,0,0
132,0,344,1826,859,954,217,1265,1615,1392,606,275,464,638,883,1320,878,591,545,1578,631,564,811,0,0,0,0,0,0,0,0,0,0,0,0,0,0,0,0,0,0,0,399,418,446,284,337,412,502,713,483,442,319,341,328,330,241,258,259,322,244,213,231,0,0,0,0,0,0,0,0,0,0,0,0,0,0,0,0,0,0
133,0,343,1827,857,955,220,1266,1612,1394,605,274,463,634,882,1321,880,591,546,1578,631,563,807,0,0,0,0,0,0,0,0,0,0,0,0,0,0,0,0,0,0,0,399,418,446,284,337,414,502,713,482,440,319,340,328,331,240,258,260,322,243,212,231,0,0,0,0,0,0,0,0,0,0,0,0,0,0,0,0,0,0
134,0,340,1828,854,805,223,1267,1611,1395,604,273,463,153,561,1322,884,546,630,1579,589,633,884,0,0,0,0,0,0,0,0,0,0,0,0,0,0,0,0,0,0,0,400,418,446,232,338,413,500,712,481,439,319,138,212,330,239,257,340,321,257,247,328,0,0,0,0,0,0,0,0,0,0,0,0,0,0,0,0,0,0
135,340,270,1830,850,804,601,1267,1611,1394,465,27,485,629,559,1325,885,547,157,1580,589,627,882,0,0,0,0,0,0,0,0,0,0,0,0,0,0,0,0,0,0,399,437,419,444,232,480,413,501,712,319,379,307,343,212,331,239,257,137,321,256,247,327,0,0,0,0,0,0,0,0,0,0,0,0,0,0,0,0,0,0
136,341,266,1831,847,803,599,1265,1611,1393,468,30,488,628,556,1326,888,547,161,1582,588,628,883,0,0,0,0,0,0,0,0,0,0,0,0,0,0,0,0,0,0,399,435,419,443,232,481,412,500,711,318,378,307,342,213,332,239,257,137,321,256,249,326,0,0,0,0,0,0,0,0,0,0,0,0,0,0,0,0,0,0
137,0,261,1833,491,801,342,1266,1608,1394,598,35,470,844,554,1328,890,547,627,1584,588,629,883,0,0,0,0,0,0,0,0,0,0,0,0,0,0,0,0,0,0,0,433,419,309,232,399,412,500,710,479,372,318,444,214,331,239,258,343,322,256,250,326,0,0,0,0,0,0,0,0,0,0,0,0,0,0,0,0,0,0
138,0,259,1833,495,800,341,1267,1607,1394,595,0,472,839,552,1328,891,547,624,1586,588,632,884,0,0,0,0,0,0,0,0,0,0,0,0,0,0,0,0,0,0,0,430,419,309,232,399,412,500,709,477,0,317,444,214,331,239,258,342,322,257,251,324,0,0,0,0,0,0,0,0,0,0,0,0,0,0,0,0,0,0
139,257,1587,474,883,339,798,895,1394,241,44,592,498,548,1267,962,624,837,1330,546,587,634,0,0,0,0,0,0,0,0,0,0,0,0,0,0,0,0,0,0,0,428,322,317,324,399,231,239,708,337,374,477,308,215,411,283,342,443,331,258,257,250,0,0,0,0,0,0,0,0,0,0,0,0,0,0,0,0,0,0,0
140,253,1589,476,883,335,797,894,836,247,45,591,501,547,1268,964,624,174,1332,546,584,636,0,0,0,0,0,0,0,0,0,0,0,0,0,0,0,0,0,0,0,426,322,315,325,397,231,239,442,337,372,477,309,215,412,283,342,138,331,257,258,250,0,0,0,0,0,0,0,0,0,0,0,0,0,0,0,0,0,0,0
141,334,1592,505,884,251,795,897,1396,589,250,476,833,546,1269,966,623,179,1334,544,584,635,0,0,0,0,0,0,0,0,0,0,0,0,0,0,0,0,0,0,0,398,323,311,325,339,231,239,708,478,424,315,441,215,412,284,343,137,331,257,258,251,0,0,0,0,0,0,0,0,0,0,0,0,0,0,0,0,0,0,0
142,248,1595,475,885,332,794,900,830,253,54,590,508,546,1272,968,622,182,1336,545,586,637,0,0,0,0,0,0,0,0,0,0,0,0,0,0,0,0,0,0,0,422,322,314,323,398,231,239,440,340,375,478,311,215,413,284,342,136,331,256,257,252,0,0,0,0,0,0,0,0,0,0,0,0,0,0,0,0,0,0,0
143,247,1595,474,886,330,793,903,1398,255,57,588,512,544,1272,970,828,621,1340,546,585,637,0,0,0,0,0,0,0,0,0,0,0,0,0,0,0,0,0,0,0,420,321,314,323,398,232,237,706,340,369,478,311,215,413,283,439,343,331,256,256,252,0,0,0,0,0,0,0,0,0,0,0,0,0,0,0,0,0,0,0
144,326,1597,826,886,256,792,906,1399,588,246,475,516,636,1271,972,586,620,1342,548,541,345,0,0,0,0,0,0,0,0,0,0,0,0,0,0,0,0,0,0,0,399,322,439,323,340,233,237,706,478,418,314,311,254,413,283,256,343,332,254,217,66,0,0,0,0,0,0,0,0,0,0,0,0,0,0,0,0,0,0,0
145,0,248,1846,520,791,326,1272,1606,1400,258,0,587,826,638,1345,973,585,619,1599,548,540,887,0,0,0,0,0,0,0,0,0,0,0,0,0,0,0,0,0,0,0,417,421,312,232,397,413,499,705,340,0,476,439,255,331,284,257,344,322,255,218,323,0,0,0,0,0,0,0,0,0,0,0,0,0,0,0,0,0,0
146,261,325,1850,822,790,587,1272,1606,1401,479,245,524,616,640,1348,976,587,199,1601,550,539,889,0,0,0,0,0,0,0,0,0,0,0,0,0,0,0,0,0,0,340,397,421,439,231,474,413,499,704,316,417,311,343,255,331,283,258,135,323,255,219,323,0,0,0,0,0,0,0,0,0,0,0,0,0,0,0,0,0,0
147,0,326,1603,529,1273,586,790,1605,1402,481,242,820,616,640,1350,977,589,203,1852,551,537,890,0,0,0,0,0,0,0,0,0,0,0,0,0,0,0,0,0,0,0,395,323,312,413,474,230,500,703,317,416,436,343,256,331,284,258,135,421,255,218,322,0,0,0,0,0,0,0,0,0,0,0,0,0,0,0,0,0,0
148,262,327,1604,821,1276,587,790,918,1402,482,243,533,617,644,1606,981,589,207,1353,554,536,892,0,0,0,0,0,0,0,0,0,0,0,0,0,0,0,0,0,0,342,395,322,436,413,474,231,236,703,318,416,313,343,257,501,284,259,135,331,256,219,322,0,0,0,0,0,0,0,0,0,0,0,0,0,0,0,0,0,0
149,328,1606,487,367,265,790,922,1402,587,244,820,537,646,1276,982,591,617,1354,556,536,893,0,0,0,0,0,0,0,0,0,0,0,0,0,0,0,0,0,0,0,394,323,317,66,342,231,236,703,475,414,435,312,257,414,283,259,343,332,255,219,322,0,0,0,0,0,0,0,0,0,0,0,0,0,0,0,0,0,0,0
150,328,1610,489,1280,266,790,926,1404,589,244,614,818,648,1609,984,591,542,1357,555,535,896,0,0,0,0,0,0,0,0,0,0,0,0,0,0,0,0,0,0,0,392,323,317,414,343,231,236,703,475,414,344,435,257,502,283,259,312,332,254,219,322,0,0,0,0,0,0,0,0,0,0,0,0,0,0,0,0,0,0,0
151,243,1358,491,649,328,896,986,1406,266,9,585,815,593,929,790,221,614,1283,544,556,534,0,0,0,0,0,0,0,0,0,0,0,0,0,0,0,0,0,0,0,413,331,316,256,391,321,284,703,344,866,475,434,259,235,231,135,344,415,313,253,219,0,0,0,0,0,0,0,0,0,0,0,0,0,0,0,0,0,0,0
152,241,1360,491,649,329,897,989,1410,271,11,813,586,594,933,790,225,549,1285,613,554,534,0,0,0,0,0,0,0,0,0,0,0,0,0,0,0,0,0,0,0,414,332,314,256,389,321,284,703,346,867,435,474,259,236,232,135,312,416,345,253,221,0,0,0,0,0,0,0,0,0,0,0,0,0,0,0,0,0,0,0
153,243,1620,492,899,329,791,937,1413,273,11,614,589,533,1287,993,555,229,1362,554,595,650,0,0,0,0,0,0,0,0,0,0,0,0,0,0,0,0,0,0,0,414,324,314,320,388,232,235,703,347,864,346,472,222,415,283,252,135,332,313,259,255,0,0,0,0,0,0,0,0,0,0,0,0,0,0,0,0,0,0,0
154,238,1365,492,652,330,902,995,1416,276,15,809,589,533,941,791,558,615,1287,558,596,531,0,0,0,0,0,0,0,0,0,0,0,0,0,0,0,0,0,0,0,415,332,313,255,387,321,283,702,348,861,433,473,222,235,230,314,346,415,253,259,220,0,0,0,0,0,0,0,0,0,0,0,0,0,0,0,0,0,0,0
155,237,1626,494,903,330,791,998,1418,269,17,614,591,534,944,1289,563,810,1369,559,596,652,0,0,0,0,0,0,0,0,0,0,0,0,0,0,0,0,0,0,0,415,324,314,320,389,230,283,701,349,861,347,473,222,235,415,314,432,332,253,261,256,0,0,0,0,0,0,0,0,0,0,0,0,0,0,0,0,0,0,0
156,46,1372,495,654,236,904,1001,1419,269,21,591,331,599,947,791,808,614,1290,567,559,534,0,0,0,0,0,0,0,0,0,0,0,0,0,0,0,0,0,0,0,389,332,314,257,416,319,282,700,350,861,474,387,262,235,231,432,347,415,315,254,222,0,0,0,0,0,0,0,0,0,0,0,0,0,0,0,0,0,0,0
157,232,1375,1420,655,331,790,1004,808,268,25,497,594,600,951,906,570,615,1292,246,560,535,0,0,0,0,0,0,0,0,0,0,0,0,0,0,0,0,0,0,0,415,332,699,257,388,230,282,431,352,859,315,473,262,235,319,315,346,417,134,254,222,0,0,0,0,0,0,0,0,0,0,0,0,0,0,0,0,0,0,0
158,331,1880,499,791,267,1006,1294,806,595,30,615,1420,657,1619,954,601,561,1377,251,535,908,0,0,0,0,0,0,0,0,0,0,0,0,0,0,0,0,0,0,0,388,426,316,230,352,282,415,431,473,859,346,699,258,499,235,262,255,332,134,223,319,0,0,0,0,0,0,0,0,0,0,0,0,0,0,0,0,0,0,0
159,237,1636,500,910,333,791,1295,1420,270,35,805,597,534,1621,1009,254,614,1380,603,563,656,0,0,0,0,0,0,0,0,0,0,0,0,0,0,0,0,0,0,0,416,326,317,319,387,231,416,700,352,859,432,472,224,501,282,134,347,331,263,256,260,0,0,0,0,0,0,0,0,0,0,0,0,0,0,0,0,0,0,0
160,238,1638,503,911,334,791,1297,1421,267,38,805,598,534,1622,1010,583,616,1383,604,565,656,0,0,0,0,0,0,0,0,0,0,0,0,0,0,0,0,0,0,0,415,326,318,319,387,232,418,700,354,858,431,471,226,502,281,314,347,332,262,258,262,0,0,0,0,0,0,0,0,0,0,0,0,0,0,0,0,0,0,0
161,237,1639,505,793,269,912,1013,1421,337,42,616,599,534,966,1300,585,805,1385,605,567,657,0,0,0,0,0,0,0,0,0,0,0,0,0,0,0,0,0,0,0,415,326,318,233,354,319,283,700,386,858,347,470,226,235,418,314,430,331,262,258,263,0,0,0,0,0,0,0,0,0,0,0,0,0,0,0,0,0,0,0
162,236,1640,507,915,269,793,1303,1424,338,46,805,599,532,969,1015,589,617,1627,606,569,659,0,0,0,0,0,0,0,0,0,0,0,0,0,0,0,0,0,0,0,414,326,318,320,360,233,417,699,387,857,431,468,228,235,282,315,349,504,263,257,263,0,0,0,0,0,0,0,0,0,0,0,0,0,0,0,0,0,0,0
163,266,1642,508,916,342,794,1016,1426,599,50,618,806,531,973,1304,570,592,1630,607,271,660,0,0,0,0,0,0,0,0,0,0,0,0,0,0,0,0,0,0,0,367,327,318,318,386,233,281,698,468,857,351,429,228,235,418,257,315,505,263,134,264,0,0,0,0,0,0,0,0,0,0,0,0,0,0,0,0,0,0,0
164,265,1895,510,794,343,1306,1633,805,600,54,618,1427,663,976,1018,532,595,1646,274,609,917,0,0,0,0,0,0,0,0,0,0,0,0,0,0,0,0,0,0,0,367,429,319,232,386,418,505,428,467,856,352,697,263,234,282,230,314,327,134,262,317,0,0,0,0,0,0,0,0,0,0,0,0,0,0,0,0,0,0,0
165,262,1897,618,1307,345,794,980,1430,600,0,805,512,665,1635,1020,531,600,1648,612,277,918,0,0,0,0,0,0,0,0,0,0,0,0,0,0,0,0,0,0,0,373,429,352,417,386,233,235,696,467,0,427,318,262,506,283,231,313,327,263,134,317,0,0,0,0,0,0,0,0,0,0,0,0,0,0,0,0,0,0,0
166,242,1652,513,795,261,919,1024,1431,346,62,616,599,615,983,1308,281,803,1393,529,604,666,0,0,0,0,0,0,0,0,0,0,0,0,0,0,0,0,0,0,0,408,328,318,233,370,317,283,694,385,855,353,468,264,235,417,135,429,335,232,314,262,0,0,0,0,0,0,0,0,0,0,0,0,0,0,0,0,0,0,0
167,65,1898,600,1308,243,1026,1636,1432,260,0,516,348,922,1395,987,617,616,1655,666,802,795,0,0,0,0,0,0,0,0,0,0,0,0,0,0,0,0,0,0,0,855,431,469,418,407,283,507,693,378,0,318,384,318,335,236,265,354,328,262,429,232,0,0,0,0,0,0,0,0,0,0,0,0,0,0,0,0,0,0,0
168,69,1900,801,1311,246,1029,1634,1435,350,0,519,603,924,1398,990,618,580,1657,667,617,795,0,0,0,0,0,0,0,0,0,0,0,0,0,0,0,0,0,0,0,854,432,430,419,409,284,507,693,383,0,317,469,318,335,235,266,257,328,262,354,233,0,0,0,0,0,0,0,0,0,0,0,0,0,0,0,0,0,0,0
169,249,1661,520,796,266,928,1031,1436,352,73,617,605,582,994,1312,525,614,1401,293,802,619,0,0,0,0,0,0,0,0,0,0,0,0,0,0,0,0,0,0,0,410,329,318,233,372,318,284,691,383,857,354,469,258,236,419,236,317,335,135,429,266,0,0,0,0,0,0,0,0,0,0,0,0,0,0,0,0,0,0,0
170,266,1663,522,1313,353,797,1032,1437,606,250,803,616,618,1630,997,524,584,1402,296,616,929,0,0,0,0,0,0,0,0,0,0,0,0,0,0,0,0,0,0,0,371,328,319,420,383,234,284,690,469,409,430,355,265,508,235,235,259,335,135,313,318,0,0,0,0,0,0,0,0,0,0,0,0,0,0,0,0,0,0,0
171,265,1903,616,1035,354,1313,1630,1437,608,250,802,524,930,1404,1000,298,586,1664,669,521,797,0,0,0,0,0,0,0,0,0,0,0,0,0,0,0,0,0,0,0,374,433,355,284,383,420,507,690,470,409,430,319,318,335,235,134,258,327,260,235,234,0,0,0,0,0,0,0,0,0,0,0,0,0,0,0,0,0,0,0
172,264,1665,523,1314,356,796,1036,1436,609,252,802,615,669,1626,1003,586,518,1404,300,619,931,0,0,0,0,0,0,0,0,0,0,0,0,0,0,0,0,0,0,0,375,325,319,421,383,235,284,690,470,408,428,359,260,506,235,258,235,335,135,318,318,0,0,0,0,0,0,0,0,0,0,0,0,0,0,0,0,0,0,0
173,264,1662,523,1314,357,795,1036,1435,608,249,800,614,668,1623,1003,586,514,1404,300,620,929,0,0,0,0,0,0,0,0,0,0,0,0,0,0,0,0,0,0,0,373,323,320,421,383,233,284,690,469,407,426,359,260,504,235,258,236,335,134,318,317,0,0,0,0,0,0,0,0,0,0,0,0,0,0,0,0,0,0,0
174,264,1662,521,794,356,928,1035,1432,605,250,798,612,620,1620,1314,587,510,1405,301,619,666,0,0,0,0,0,0,0,0,0,0,0,0,0,0,0,0,0,0,0,373,322,320,232,383,318,284,690,468,404,424,358,267,502,422,259,237,335,135,320,260,0,0,0,0,0,0,0,0,0,0,0,0,0,0,0,0,0,0,0
175,266,1660,521,794,357,928,1036,1431,603,253,796,611,620,1618,1314,586,506,1406,303,622,664,0,0,0,0,0,0,0,0,0,0,0,0,0,0,0,0,0,0,0,373,322,320,233,383,318,284,689,468,404,424,357,267,501,422,258,237,335,134,320,261,0,0,0,0,0,0,0,0,0,0,0,0,0,0,0,0,0,0,0
176,262,1659,521,793,357,928,1036,1431,603,255,794,611,620,1614,1313,586,501,1406,303,623,663,0,0,0,0,0,0,0,0,0,0,0,0,0,0,0,0,0,0,0,373,322,320,233,382,318,284,689,469,401,423,358,267,501,422,259,236,335,134,320,262,0,0,0,0,0,0,0,0,0,0,0,0,0,0,0,0,0,0,0
177,265,1659,521,791,357,927,1038,1431,602,253,794,610,621,1607,1312,586,498,1406,304,625,663,0,0,0,0,0,0,0,0,0,0,0,0,0,0,0,0,0,0,0,370,322,320,233,383,318,284,686,469,401,423,357,267,501,422,259,235,335,135,319,263,0,0,0,0,0,0,0,0,0,0,0,0,0,0,0,0,0,0,0
178,254,1406,521,664,261,1432,927,609,357,85,792,600,587,1038,789,494,629,1312,306,629,621,0,0,0,0,0,0,0,0,0,0,0,0,0,0,0,0,0,0,0,400,335,319,263,369,686,317,355,382,851,423,468,259,284,233,233,315,422,135,318,268,0,0,0,0,0,0,0,0,0,0,0,0,0,0,0,0,0,0,0
179,261,1657,522,1311,357,789,1038,1431,599,252,792,609,664,1012,1603,588,491,1407,621,630,927,0,0,0,0,0,0,0,0,0,0,0,0,0,0,0,0,0,0,0,367,322,320,422,382,234,284,685,468,398,423,356,263,237,499,260,232,335,268,316,318,0,0,0,0,0,0,0,0,0,0,0,0,0,0,0,0,0,0,0
180,252,1658,523,1312,262,791,1040,609,360,87,792,598,665,1602,1014,487,633,1407,589,1430,928,0,0,0,0,0,0,0,0,0,0,0,0,0,0,0,0,0,0,0,398,323,320,422,363,235,284,357,382,850,424,469,261,496,237,231,317,336,260,684,318,0,0,0,0,0,0,0,0,0,0,0,0,0,0,0,0,0,0,0
181,263,1898,524,1040,361,1311,1598,792,598,252,1428,608,929,1406,1015,589,484,1658,666,635,791,0,0,0,0,0,0,0,0,0,0,0,0,0,0,0,0,0,0,0,363,433,321,284,381,422,495,425,468,396,682,357,318,336,236,260,230,325,261,317,235,0,0,0,0,0,0,0,0,0,0,0,0,0,0,0,0,0,0,0
182,252,1896,525,1041,264,1311,1594,608,363,0,792,600,930,1408,1018,590,637,1659,666,1427,792,0,0,0,0,0,0,0,0,0,0,0,0,0,0,0,0,0,0,0,396,433,322,283,362,422,495,358,382,0,425,468,318,337,237,261,316,326,261,683,235,0,0,0,0,0,0,0,0,0,0,0,0,0,0,0,0,0,0,0
183,266,1894,526,1044,365,1311,1592,608,600,252,793,1427,931,1410,1020,316,591,1660,668,638,794,0,0,0,0,0,0,0,0,0,0,0,0,0,0,0,0,0,0,0,357,434,322,284,382,422,495,359,469,394,425,683,318,337,237,135,262,328,261,316,236,0,0,0,0,0,0,0,0,0,0,0,0,0,0,0,0,0,0,0
184,267,1660,528,1311,366,794,1045,1427,609,252,795,599,668,1021,1585,593,477,1411,317,641,931,0,0,0,0,0,0,0,0,0,0,0,0,0,0,0,0,0,0,0,354,329,322,422,382,234,284,683,360,395,426,468,261,236,495,262,229,337,136,315,318,0,0,0,0,0,0,0,0,0,0,0,0,0,0,0,0,0,0,0
185,253,1413,611,795,272,931,1313,1426,368,94,530,600,320,1024,1045,476,644,1662,796,594,0,0,0,0,0,0,0,0,0,0,0,0,0,0,0,0,0,0,0,0,394,337,360,234,356,317,422,683,381,848,322,468,134,237,283,227,315,329,426,263,0,0,0,0,0,0,0,0,0,0,0,0,0,0,0,0,0,0,0,0
186,250,1414,532,798,274,932,1315,611,370,96,796,600,322,1027,1048,473,647,1577,1427,597,0,0,0,0,0,0,0,0,0,0,0,0,0,0,0,0,0,0,0,0,394,338,322,234,355,317,422,360,381,846,425,468,135,237,283,226,314,493,682,263,0,0,0,0,0,0,0,0,0,0,0,0,0,0,0,0,0,0,0,0
187,248,1415,612,799,275,932,1315,1427,372,98,533,599,324,1028,1050,473,650,1574,798,598,0,0,0,0,0,0,0,0,0,0,0,0,0,0,0,0,0,0,0,0,395,338,360,234,352,317,422,682,380,846,322,468,135,237,283,226,315,492,425,263,0,0,0,0,0,0,0,0,0,0,0,0,0,0,0,0,0,0,0,0
188,99,1031,374,599,8,626,801,611,248,535,277,471,783,933,654,799,1051,599,326,0,0,0,0,0,0,0,0,0,0,0,0,0,0,0,0,0,0,0,0,0,845,236,382,263,420,268,234,360,395,322,352,225,134,317,316,425,283,467,134,0,0,0,0,0,0,0,0,0,0,0,0,0,0,0,0,0,0,0,0,0
189,10,1418,612,628,280,933,1316,1428,599,537,376,328,1033,802,471,655,1570,799,601,0,0,0,0,0,0,0,0,0,0,0,0,0,0,0,0,0,0,0,0,0,410,338,360,270,351,317,423,680,468,322,381,135,237,234,223,315,488,424,263,0,0,0,0,0,0,0,0,0,0,0,0,0,0,0,0,0,0,0,0,0
190,100,1317,378,602,10,674,933,612,246,538,281,470,804,628,658,801,1035,598,329,0,0,0,0,0,0,0,0,0,0,0,0,0,0,0,0,0,0,0,0,0,843,422,381,263,405,259,317,360,396,321,352,223,234,270,316,424,237,468,135,0,0,0,0,0,0,0,0,0,0,0,0,0,0,0,0,0,0,0,0,0
191,100,1421,597,629,245,675,805,1426,379,612,282,469,1316,933,660,802,1037,539,603,0,0,0,0,0,0,0,0,0,0,0,0,0,0,0,0,0,0,0,0,0,842,338,468,270,393,258,234,679,380,361,352,221,422,317,317,423,236,322,263,0,0,0,0,0,0,0,0,0,0,0,0,0,0,0,0,0,0,0,0,0
192,98,1316,381,604,12,676,933,612,239,597,210,468,807,630,803,541,1037,283,662,0,0,0,0,0,0,0,0,0,0,0,0,0,0,0,0,0,0,0,0,0,841,422,380,264,406,257,319,362,397,468,365,219,234,269,423,322,236,353,318,0,0,0,0,0,0,0,0,0,0,0,0,0,0,0,0,0,0,0,0,0
193,142,1423,597,933,232,677,807,614,381,542,285,605,803,1316,467,665,1039,804,632,0,0,0,0,0,0,0,0,0,0,0,0,0,0,0,0,0,0,0,0,0,384,338,468,318,399,256,234,362,379,322,353,265,133,422,217,320,237,423,270,0,0,0,0,0,0,0,0,0,0,0,0,0,0,0,0,0,0,0,0,0
194,144,1425,615,934,230,678,809,1422,597,543,286,606,1041,1316,466,667,1547,806,632,0,0,0,0,0,0,0,0,0,0,0,0,0,0,0,0,0,0,0,0,0,385,338,364,318,399,254,234,676,468,322,355,265,237,422,216,319,486,422,270,0,0,0,0,0,0,0,0,0,0,0,0,0,0,0,0,0,0,0,0,0
195,669,144,1654,615,1544,229,1316,1061,1422,597,544,287,680,1427,1043,633,607,1861,807,934,0,0,0,0,0,0,0,0,0,0,0,0,0,0,0,0,0,0,0,0,319,385,332,364,485,400,422,282,675,468,322,355,254,338,237,271,265,435,422,318,0,0,0,0,0,0,0,0,0,0,0,0,0,0,0,0,0,0,0,0
196,807,225,1652,596,1315,213,936,1538,615,386,545,289,340,1044,1061,634,607,1427,1422,680,0,0,0,0,0,0,0,0,0,0,0,0,0,0,0,0,0,0,0,0,422,401,333,469,422,362,319,483,365,379,322,355,135,237,282,270,265,338,676,253,0,0,0,0,0,0,0,0,0,0,0,0,0,0,0,0,0,0,0,0
197,674,222,1429,615,1314,291,935,1533,1421,599,546,387,341,1045,1062,634,609,1650,807,681,0,0,0,0,0,0,0,0,0,0,0,0,0,0,0,0,0,0,0,0,318,401,338,365,422,354,318,483,676,468,322,380,135,236,282,270,266,333,422,253,0,0,0,0,0,0,0,0,0,0,0,0,0,0,0,0,0,0,0,0
198,676,292,1430,615,1523,219,936,1315,1421,597,547,388,342,1047,1064,634,611,1651,808,682,0,0,0,0,0,0,0,0,0,0,0,0,0,0,0,0,0,0,0,0,319,352,338,365,483,402,319,423,676,468,323,378,134,236,283,270,267,334,421,254,0,0,0,0,0,0,0,0,0,0,0,0,0,0,0,0,0,0,0,0
199,1421,101,1431,597,682,217,937,1315,615,389,549,295,344,1048,1065,612,678,1518,809,633,0,0,0,0,0,0,0,0,0,0,0,0,0,0,0,0,0,0,0,0,677,837,338,468,253,402,318,423,366,377,323,352,133,237,283,268,319,483,422,270,0,0,0,0,0,0,0,0,0,0,0,0,0,0,0,0,0,0,0,0
200,637,304,1825,618,1499,201,936,1317,1417,592,555,395,348,1435,1070,614,688,1649,0,686,0,0,0,0,0,0,0,0,0,0,0,0,0,0,0,0,0,0,0,0,272,352,435,366,475,412,320,424,675,469,325,377,134,338,283,269,322,324,0,252,0,0,0,0,0,0,0,0,0,0,0,0,0,0,0,0,0,0,0,0
